id,serviceid,sku
1,48392017,AUF1QE4EC
2,48392017,ESNZDYYRH
3,48392017,63092606D
4,48392017,SSLQ18RN8
5,48392017,0BM54P557
6,48392017,IXAHXKQH8
7,48392017,29M5GV1BF
8,48392017,N56WO6YQ6
9,48392017,IAKCWZDRF
10,48392017,3NFCPGNIO
11,48392017,DE3XCKDZ0
12,48392017,DPXPB150T
13,48392017,7CLAE33QW
14,48392017,T6J56B66M
15,48392017,BE05UHHCC
16,48392017,VFBWBQ87W
17,48392017,UB9O1R7VK
18,92710458,29M5GV1BF
19,92710458,AUF1QE4EC
20,92710458,ESNZDYYRH
21,92710458,N56WO6YQ6
22,92710458,AOIOXDLFX
23,92710458,DE3XCKDZ0
24,92710458,YAPEV2CLZ
25,92710458,PV2N1E3EL
26,92710458,TT3880ZNQ
27,92710458,08UY1OD2I
28,56120394,AUF1QE4EC
29,56120394,ESNZDYYRH
30,56120394,6WX8V08A8
31,56120394,29M5GV1BF
32,56120394,KJOQRIYNY
33,56120394,NCAEZN0IO
34,56120394,DE3XCKDZ0
35,56120394,UZYV0M678
36,56120394,9MG9I5KH6
37,80451239,2OHUSWKKX
38,80451239,AUF1QE4EC
39,80451239,QGD2NCXPD
40,80451239,AOIOXDLFX
41,13298476,9XCVBX3BU
42,13298476,AUF1QE4EC
43,13298476,WJJSQUNIA
44,13298476,7LSQJLPXS
45,13298476,IXAHXKQH8
46,13298476,DBFD2RZ7J
47,13298476,IAKCWZDRF
48,13298476,RS9J6E876
49,13298476,3NFCPGNIO
50,13298476,A28N8TMHT
51,13298476,UB9O1R7VK
52,75930218,GUIRDYNIZ
53,75930218,AUF1QE4EC
54,75930218,G55Y6GLPP
55,75930218,BE05UHHCC
56,75930218,VFBWBQ87W
57,75930218,BT1GH8NQ9
58,24819375,BT1GH8NQ9
59,24819375,AUF1QE4EC
60,24819375,GUIRDYNIZ
61,24819375,ZEFZDST6T
62,24819375,DE3XCKDZ0
63,24819375,U8B0B8RNT
64,24819375,VFO6HEDF5
65,24819375,T6J56B66M
66,24819375,KSKMASLHH
67,69041283,AUF1QE4EC
68,69041283,2K6FO5KWZ
69,69041283,NCAEZN0IO
70,69041283,O17B5WVYV
71,69041283,ZEFZDST6T
72,69041283,3R45KY6HK
73,69041283,BT1GH8NQ9
74,69041283,J534R9BNM
75,69041283,R1K6QFDT0
76,69041283,U8B0B8RNT
77,37592041,GMRM94BPI
78,37592041,SSLQ18RN8
79,37592041,63092606D
80,37592041,0BM54P557
81,37592041,TP7B81FIT
82,84201957,AUF1QE4EC
83,84201957,SSLQ18RN8
84,84201957,GMRM94BPI
85,84201957,7CLAE33QW
86,84201957,63092606D
87,84201957,DE3XCKDZ0
88,84201957,KSKMASLHH
89,19384756,VBJEJ6M49
90,19384756,PV2N1E3EL
91,19384756,IKV69W7IX
92,19384756,Q6I2Z8YXM
93,19384756,DBFD2RZ7J
94,19384756,C49X4FBT1
95,19384756,N9LQI8MOR
96,19384756,UB9O1R7VK
97,50293847,PV2N1E3EL
98,50293847,VBJEJ6M49
99,50293847,IKV69W7IX
100,50293847,29M5GV1BF
101,50293847,AUF1QE4EC
102,50293847,ESNZDYYRH
103,50293847,Q6I2Z8YXM
104,50293847,DBFD2RZ7J
105,50293847,DE3XCKDZ0
106,50293847,9XCVBX3BU
107,84930217,6U5W6CRY4
108,84930217,AUF1QE4EC
109,84930217,JINMYB8GU
110,29485710,VFO6HEDF5
111,29485710,7QPB7HMH3
112,29485710,0499Z0ETK
113,29485710,C49X4FBT1
114,29485710,9WAOUIIJZ
115,29485710,N9LQI8MOR
116,29485710,UB9O1R7VK
117,58392047,ZZWILAA75
118,58392047,0499Z0ETK
119,58392047,Y6L9DEH14
120,58392047,C49X4FBT1
121,58392047,L6Z1EHY0W
122,58392047,86E1GIHL7
123,58392047,VBJEJ6M49
124,58392047,F7AJUEBVB
125,58392047,N9LQI8MOR
126,58392047,APC8FYM7H
127,58392047,57YJU00BM
128,58392047,UB9O1R7VK
129,92038475,AUF1QE4EC
130,92038475,38PM3SQS1
131,92038475,J2ML4B8WQ
132,92038475,U8B0B8RNT
133,92038475,DE3XCKDZ0
134,92038475,G9TAHPNLW
135,92038475,ZGZYJSKMH
136,38492057,O17B5WVYV
137,38492057,593AQTXV2
138,38492057,3R45KY6HK
139,38492057,86E1GIHL7
140,38492057,2O6GL3U4X
141,38492057,HP93RBMDZ
142,75839204,AUF1QE4EC
143,75839204,9TDGAMVUV
144,75839204,G9TAHPNLW
145,75839204,DE3XCKDZ0
146,75839204,HP93RBMDZ
147,75839204,Y3KG4JM4G
148,75839204,KSKMASLHH
149,10293847,38PM3SQS1
150,10293847,AUF1QE4EC
151,10293847,DE3XCKDZ0
152,10293847,KSKMASLHH
153,84930275,IKV69W7IX
154,84930275,PV2N1E3EL
155,84930275,VBJEJ6M49
156,84930275,Q6I2Z8YXM
157,84930275,DBFD2RZ7J
158,84930275,AUF1QE4EC
159,29384756,G6RAK1YW4
160,29384756,VS7ND0218
161,29384756,DBFD2RZ7J
162,29384756,ZH2ZJZ7GD
163,29384756,O076XO3QE
164,29384756,D0QLVQJAV
165,29384756,1M4NTR2F5
166,29384756,I2NVKWAUZ
167,29384756,U97QYLWVU
168,29384756,NISN9Q3I6
169,29384756,0FO38WFDR
170,29384756,9WPN4E8W2
171,29384756,E7O9OWFUW
172,29384756,POY9KODUM
173,58392048,I2NVKWAUZ
174,58392048,POY9KODUM
175,58392048,NISN9Q3I6
176,58392048,Y3KG4JM4G
177,58392048,69CIH6FDM
178,58392048,1M4NTR2F5
179,58392048,AUF1QE4EC
180,58392048,Y1JQVZYQM
181,92038476,AUF1QE4EC
182,92038476,DE3XCKDZ0
183,92038476,I2NVKWAUZ
184,92038476,VS7ND0218
185,92038476,ZH2ZJZ7GD
186,92038476,KSKMASLHH
187,92038476,X73RS4SSV
188,38492058,ZHBF12ZYL
189,38492058,MS9LSLIG1
190,38492058,CX5VWB0BZ
191,38492058,OUS2Y658Z
192,38492058,PHLX1H19Z
193,38492058,K8HNJBICU
194,38492058,1O32VDT59
195,38492058,YRQLFZ0HS
196,38492058,4PNEZ1BFI
197,38492058,6YMIM4KD7
198,38492058,DE3XCKDZ0
199,38492058,AUF1QE4EC
200,75839205,E7O9OWFUW
201,75839205,O076XO3QE
202,75839205,PB873MMR5
203,75839205,KK987XVE6
204,75839205,M12M8FREY
205,75839205,V7AZJ3RQZ
206,75839205,8VOVLR83X
207,75839205,8AX9F4TXY
208,75839205,DBFD2RZ7J
209,75839205,1GA5M3WS5
210,75839205,FOR5KTXOG
211,75839205,A98BWI7ND
212,75839205,37VCFO0JI
213,75839205,QLX2Y9ZAT
214,75839205,VS7ND0218
215,75839205,VQEK3O086
216,75839205,ZH2ZJZ7GD
217,75839205,I2NVKWAUZ
218,75839205,1PQ1L037F
219,75839205,40KEH7LA4
220,75839205,04F07LGJQ
221,75839205,FFD3K34XI
222,75839205,POY9KODUM
223,10293848,DBFD2RZ7J
224,10293848,O076XO3QE
225,10293848,NCAEZN0IO
226,10293848,M12M8FREY
227,10293848,I2NVKWAUZ
228,10293848,2OHUSWKKX
229,10293848,J534R9BNM
230,10293848,4ENKI7L88
231,10293848,AV2HKN38U
232,84930276,AUF1QE4EC
233,84930276,VS7ND0218
234,84930276,LMYS9H25R
235,84930276,KSKMASLHH
236,29384757,AV2HKN38U
237,29384757,1GA5M3WS5
238,29384757,2O6GL3U4X
239,29384757,I2NVKWAUZ
240,29384757,3HV9EM24P
241,29384757,JJS76W15G
242,29384757,LRUMUHGW5
243,29384757,71MOWZDZI
244,29384757,6F0W07N9H
245,29384757,Y6L9DEH14
246,29384757,QGD2NCXPD
247,29384757,N9LQI8MOR
248,29384757,EWQLWPC3V
249,58392049,VS7ND0218
250,58392049,I2NVKWAUZ
251,58392049,BO79FLCRU
252,58392049,8IHQQ65HS
253,58392049,E7O9OWFUW
254,58392049,AUF1QE4EC
255,92038477,AXGYUOALG
256,92038477,X73RS4SSV
257,92038477,RJYBY694N
258,92038477,TKP4FSDDT
259,92038477,QGD2NCXPD
260,38492059,AUF1QE4EC
261,38492059,N4SPE8LYU
262,38492059,CM1Y6F5UP
263,38492059,0499Z0ETK
264,38492059,KRLIJQGMI
265,38492059,LRUMUHGW5
266,38492059,GYD9F4S0J
267,38492059,EMW3Y0N9P
268,38492059,TD1TX5979
269,38492059,41FPD8ZLK
270,38492059,DE3XCKDZ0
271,75839206,AUF1QE4EC
272,75839206,9WPN4E8W2
273,75839206,CM1Y6F5UP
274,75839206,GYD9F4S0J
275,75839206,3R45KY6HK
276,75839206,0499Z0ETK
277,75839206,KRLIJQGMI
278,75839206,LRUMUHGW5
279,75839206,EMW3Y0N9P
280,75839206,HG9RC1FU1
281,75839206,41FPD8ZLK
282,75839206,4ACPWKLJ5
283,75839206,H1190QI6T
284,10293849,0499Z0ETK
285,10293849,CM1Y6F5UP
286,10293849,KRLIJQGMI
287,10293849,NGVEB0UOU
288,10293849,FAELZ7NZ0
289,10293849,LRUMUHGW5
290,10293849,XKQDY3IUT
291,10293849,GYD9F4S0J
292,10293849,EMW3Y0N9P
293,10293849,HG9RC1FU1
294,10293849,41FPD8ZLK
295,10293849,NWS2T2XRJ
296,84930277,KRLIJQGMI
297,84930277,AUF1QE4EC
298,84930277,LRUMUHGW5
299,84930277,0499Z0ETK
300,84930277,CM1Y6F5UP
301,84930277,0BE2SHAVQ
302,84930277,UK98STRNO
303,84930277,HG9RC1FU1
304,84930277,GYD9F4S0J
305,84930277,EMW3Y0N9P
306,84930277,9N4OHNWUP
307,84930277,FAELZ7NZ0
308,84930277,NGVEB0UOU
309,84930277,XSYUL6DGV
310,84930277,41FPD8ZLK
311,84930277,DE3XCKDZ0
312,84930277,OFNKIZPEJ
313,29384758,0499Z0ETK
314,29384758,NGVEB0UOU
315,29384758,AUF1QE4EC
316,29384758,KRLIJQGMI
317,29384758,LRUMUHGW5
318,29384758,CM1Y6F5UP
319,29384758,HG9RC1FU1
320,29384758,FAELZ7NZ0
321,29384758,EMW3Y0N9P
322,29384758,0BE2SHAVQ
323,29384758,XKQDY3IUT
324,29384758,GYD9F4S0J
325,29384758,NCAEZN0IO
326,29384758,41FPD8ZLK
327,29384758,OFNKIZPEJ
328,58392050,FOR5KTXOG
329,58392050,37VCFO0JI
330,58392050,ZSCM1T1HA
331,58392050,A9YAOMHEI
332,58392050,1PQ1L037F
333,92038478,UK98STRNO
334,92038478,6QX71VQ7F
335,92038478,N4SPE8LYU
336,92038478,EMW3Y0N9P
337,92038478,UQVO81G5K
338,92038478,02T0TST8B
339,92038478,K29YU9JIX
340,92038478,0499Z0ETK
341,92038478,FM1EMQ52C
342,92038478,2BWS4ES7J
343,92038478,GYD9F4S0J
344,92038478,TD1TX5979
345,92038478,38SHZG3GC
346,92038478,YRSWRZFD2
347,92038478,VXQL5OPV1
348,92038478,6F0W07N9H
349,92038478,CM1Y6F5UP
350,92038478,4ACPWKLJ5
351,38492060,0BE2SHAVQ
352,38492060,RCKXSDZ59
353,38492060,AUF1QE4EC
354,38492060,9N4OHNWUP
355,38492060,PHLX1H19Z
356,38492060,2K5BNTVK0
357,38492060,5I8SPCTX6
358,38492060,BJ3E6AR5K
359,38492060,DUN4RGJG6
360,38492060,TP7B81FIT
361,38492060,JINMYB8GU
362,38492060,DE3XCKDZ0
363,38492060,YBK4OIWSI
364,38492060,OFNKIZPEJ
365,75839207,PHLX1H19Z
366,75839207,AUF1QE4EC
367,75839207,ZHBF12ZYL
368,75839207,9N4OHNWUP
369,75839207,CX5VWB0BZ
370,75839207,OUS2Y658Z
371,75839207,K8HNJBICU
372,75839207,MS9LSLIG1
373,75839207,2K5BNTVK0
374,75839207,YRQLFZ0HS
375,75839207,0BE2SHAVQ
376,75839207,JINMYB8GU
377,75839207,4PNEZ1BFI
378,75839207,6YMIM4KD7
379,75839207,TP7B81FIT
380,75839207,RCKXSDZ59
381,75839207,DE3XCKDZ0
382,75839207,3NFCPGNIO
383,75839207,OFNKIZPEJ
384,10293850,GYD9F4S0J
385,10293850,CM1Y6F5UP
386,10293850,AUF1QE4EC
387,10293850,0499Z0ETK
388,10293850,DE3XCKDZ0
389,10293850,0BE2SHAVQ
390,10293850,9WPN4E8W2
391,10293850,HG9RC1FU1
392,10293850,KRLIJQGMI
393,10293850,LRUMUHGW5
394,10293850,EMW3Y0N9P
395,10293850,K29YU9JIX
396,10293850,41FPD8ZLK
397,10293850,4ACPWKLJ5
398,10293850,FAELZ7NZ0
399,10293850,YBK4OIWSI
400,84930278,CT9SZCST5
401,84930278,3616ESD8Q
402,84930278,FTCQLAQCZ
403,84930278,29M5GV1BF
404,29384759,CT9SZCST5
405,29384759,3616ESD8Q
406,29384759,AUF1QE4EC
407,29384759,DE3XCKDZ0
408,29384759,9TS8Q7IZB
409,29384759,KSKMASLHH
410,29384759,O68ZH93WN
411,58392051,G6RAK1YW4
412,58392051,AUF1QE4EC
413,58392051,DE3XCKDZ0
414,58392051,ZEFZDST6T
415,58392051,TD1TX5979
416,58392051,I9TRUD60G
417,58392051,FRSV5C1J8
418,58392051,CM3FQS8ZE
419,58392051,LOSZ2VUT2
420,92038479,38GPZBALE
421,92038479,AUF1QE4EC
422,92038479,AOIOXDLFX
423,92038479,6WX8V08A8
424,92038479,BJ3E6AR5K
425,92038479,ECAO78YXL
426,92038479,LOSZ2VUT2
427,92038479,889R5XW5L
428,92038479,IAKCWZDRF
429,92038479,APC8FYM7H
430,92038479,BXHKMQHUR
431,38492061,XO2HE2DLB
432,38492061,AUF1QE4EC
433,38492061,LVV3H007U
434,38492061,RJYBY694N
435,38492061,8UI1GPP6D
436,38492061,V3TU5U853
437,38492061,DE3XCKDZ0
438,38492061,IXAHXKQH8
439,38492061,XL866LCA6
440,38492061,CM1Y6F5UP
441,38492061,ETKBCWLTE
442,38492061,FRSV5C1J8
443,38492061,2O6GL3U4X
444,75839208,5I8SPCTX6
445,75839208,2O6GL3U4X
446,75839208,2JBKMJNRI
447,75839208,4YWX1UR98
448,75839208,Y6L9DEH14
449,75839208,TD1TX5979
450,75839208,CM3FQS8ZE
451,75839208,71MOWZDZI
452,75839208,FVZCNKRLW
453,75839208,8AX9F4TXY
454,75839208,XKH9T8Y8Y
455,75839208,BJ3E6AR5K
456,75839208,GIHW2R438
457,75839208,7VWC75UUK
458,75839208,EWQLWPC3V
459,75839208,M12M8FREY
460,75839208,DE3XCKDZ0
461,75839208,H1190QI6T
462,75839208,FRSV5C1J8
463,10293851,LVV3H007U
464,10293851,AUF1QE4EC
465,10293851,XO2HE2DLB
466,10293851,DPXPB150T
467,10293851,UQVO81G5K
468,10293851,DG11DVLCV
469,10293851,DE3XCKDZ0
470,84930279,CT9SZCST5
471,84930279,3616ESD8Q
472,84930279,AUF1QE4EC
473,84930279,6LVY01POC
474,84930279,5I8SPCTX6
475,84930279,DE3XCKDZ0
476,29384760,QLX2Y9ZAT
477,29384760,1PQ1L037F
478,29384760,FOR5KTXOG
479,29384760,37VCFO0JI
480,29384760,8VOVLR83X
481,29384760,KK987XVE6
482,29384760,E7O9OWFUW
483,29384760,A9YAOMHEI
484,29384760,BVQ9NJ8YC
485,29384760,PB873MMR5
486,29384760,04F07LGJQ
487,29384760,POY9KODUM
488,29384760,E974JS5AE
489,29384760,XKH9T8Y8Y
490,29384760,Y6L9DEH14
491,29384760,OFNKIZPEJ
492,58392052,XO2HE2DLB
493,58392052,AUF1QE4EC
494,58392052,LVV3H007U
495,58392052,RJYBY694N
496,58392052,V3TU5U853
497,58392052,Y6L9DEH14
498,58392052,ETKBCWLTE
499,58392052,IXAHXKQH8
500,58392052,XL866LCA6
501,58392052,U8B0B8RNT
502,92038480,BJ3E6AR5K
503,92038480,AUF1QE4EC
504,92038480,EWQLWPC3V
505,92038480,DE3XCKDZ0
506,92038480,1Z6U87RKW
507,92038480,5I8SPCTX6
508,92038480,VQEK3O086
509,92038480,38GPZBALE
510,92038480,YBK4OIWSI
511,38492062,H1190QI6T
512,38492062,9TS8Q7IZB
513,38492062,AUF1QE4EC
514,38492062,29M5GV1BF
515,38492062,BJ3E6AR5K
516,38492062,1GA5M3WS5
517,38492062,5I8SPCTX6
518,38492062,DE3XCKDZ0
519,38492062,CT9SZCST5
520,38492062,6NUTHGCQ6
521,38492062,M12M8FREY
522,38492062,FRSV5C1J8
523,38492062,O68ZH93WN
524,38492062,KSKMASLHH
525,75839209,M12M8FREY
526,75839209,AUF1QE4EC
527,75839209,3R45KY6HK
528,75839209,E9P6UIF8V
529,75839209,H4UQWPFHY
530,75839209,TZ2A8FE6N
531,75839209,I9TRUD60G
532,75839209,8Q7X5AHWL
533,75839209,3WTRRBD36
534,75839209,5I8SPCTX6
535,75839209,38GPZBALE
536,75839209,9TS8Q7IZB
537,75839209,V7AZJ3RQZ
538,75839209,40KEH7LA4
539,75839209,G6RAK1YW4
540,75839209,H1190QI6T
541,75839209,O68ZH93WN
542,75839209,DE3XCKDZ0
543,10293852,AUF1QE4EC
544,10293852,UZYV0M678
545,10293852,DE3XCKDZ0
546,10293852,KSKMASLHH
547,10293852,FRSV5C1J8
548,10293852,9U3X3V1G8
549,84930280,MDA5714HZ
550,84930280,X7VCL13ZU
551,84930280,J7PVLXJ85
552,84930280,UQVO81G5K
553,84930280,O076XO3QE
554,84930280,BE05UHHCC
555,84930280,VS7ND0218
556,84930280,TD1TX5979
557,84930280,DC7WWE4FJ
558,84930280,VXQL5OPV1
559,84930280,AUF1QE4EC
560,84930280,G55Y6GLPP
561,84930280,UB9O1R7VK
562,29384761,OUNBK77R3
563,29384761,2AQ3MUSSY
564,29384761,AUF1QE4EC
565,29384761,2DJQJQTXE
566,29384761,VQWXHFE21
567,29384761,O955DRS8N
568,29384761,FAELZ7NZ0
569,29384761,TD1TX5979
570,29384761,K596X71GD
571,29384761,T5N1XOV3D
572,29384761,H6LKE0LQF
573,29384761,V4QW5JJ9H
574,29384761,VHGNCPSRP
575,29384761,I375CC1OW
576,29384761,6E1NE6SVE
577,29384761,RXZY2OAYG
578,58392053,OUNBK77R3
579,58392053,AUF1QE4EC
580,58392053,6E1NE6SVE
581,58392053,7FBMKWP4K
582,58392053,FAELZ7NZ0
583,58392053,O955DRS8N
584,58392053,G55Y6GLPP
585,58392053,25SUER1VU
586,92038481,25SUER1VU
587,92038481,7KLO42ZR5
588,92038481,VS7ND0218
589,92038481,O0GC2XCTO
590,92038481,AUF1QE4EC
591,38492063,L3AETHLAT
592,38492063,Y1B8EAL9W
593,38492063,DA1X8M7K9
594,38492063,AUF1QE4EC
595,38492063,3R45KY6HK
596,38492063,4KJCNPJ2J
597,38492063,T6J56B66M
598,38492063,TZ2A8FE6N
599,38492063,8Q7X5AHWL
600,38492063,YBK4OIWSI
601,38492063,KDOF3BOKH
602,38492063,V7AZJ3RQZ
603,38492063,40KEH7LA4
604,38492063,Q8RVXSUH1
605,38492063,CNAU2EJ1U
606,38492063,889R5XW5L
607,38492063,JFHWZLZMR
608,38492063,O68ZH93WN
609,38492063,1CTF0B2CP
610,38492063,UB9O1R7VK
611,75839210,LJHX19UHI
612,10293853,29M5GV1BF
613,10293853,N56WO6YQ6
614,10293853,AUF1QE4EC
615,10293853,ESNZDYYRH
616,10293853,H0V02CMJ9
617,10293853,DE3XCKDZ0
618,10293853,TT3880ZNQ
619,10293853,I07A5Y2GC
620,84930281,2HACXWHC6
621,84930281,1H785XN5P
622,84930281,ROP0HYQ2H
623,84930281,2TUJE9FZD
624,84930281,AUF1QE4EC
625,84930281,FRSV5C1J8
626,84930281,N9LQI8MOR
627,84930281,EWQLWPC3V
628,29384762,XKH9T8Y8Y
629,29384762,8AX9F4TXY
630,29384762,AUF1QE4EC
631,29384762,BVQ9NJ8YC
632,29384762,2RRB8P96D
633,29384762,DUN4RGJG6
634,29384762,O68ZH93WN
635,58392054,AUF1QE4EC
636,58392054,3R45KY6HK
637,58392054,40KEH7LA4
638,58392054,8S3NTYXNZ
639,58392054,L3AETHLAT
640,58392054,TZ2A8FE6N
641,58392054,8Q7X5AHWL
642,58392054,M12M8FREY
643,58392054,3WTRRBD36
644,58392054,O68ZH93WN
645,58392054,Q8RVXSUH1
646,58392054,WYHVDC227
647,92038482,5I8SPCTX6
648,92038482,XL866LCA6
649,92038482,AUF1QE4EC
650,92038482,5F5DKQXE7
651,92038482,FVZCNKRLW
652,92038482,H1190QI6T
653,92038482,WVSCSI1TG
654,92038482,FVKP6IFP2
655,92038482,TD1TX5979
656,92038482,POY9KODUM
657,92038482,9TDGAMVUV
658,92038482,CM3FQS8ZE
659,92038482,I2MQ5VDEM
660,92038482,M12M8FREY
661,92038482,AV2HKN38U
662,92038482,3HV9EM24P
663,92038482,2JBKMJNRI
664,92038482,71MOWZDZI
665,92038482,772DQ8MO2
666,92038482,2O6GL3U4X
667,92038482,BJ3E6AR5K
668,92038482,GIHW2R438
669,92038482,DE3XCKDZ0
670,92038482,HQIFY16IR
671,92038482,ESNZDYYRH
672,92038482,3NFCPGNIO
673,92038482,CEM4P5V2V
674,38492064,I2MQ5VDEM
675,38492064,XL866LCA6
676,38492064,LJHX19UHI
677,38492064,WVSCSI1TG
678,38492064,5I8SPCTX6
679,38492064,772DQ8MO2
680,38492064,XO2HE2DLB
681,38492064,H1190QI6T
682,38492064,7CLAE33QW
683,38492064,2O6GL3U4X
684,38492064,YBK4OIWSI
685,75839211,6NUTHGCQ6
686,75839211,AUF1QE4EC
687,75839211,DE3XCKDZ0
688,75839211,CT9SZCST5
689,75839211,9TS8Q7IZB
690,75839211,J7ZCFEEWI
691,75839211,H1190QI6T
692,75839211,O68ZH93WN
693,10293854,2RRB8P96D
694,10293854,AUF1QE4EC
695,10293854,2K5BNTVK0
696,10293854,DE3XCKDZ0
697,10293854,9U3X3V1G8
698,10293854,XO2HE2DLB
699,84930282,Y3KG4JM4G
700,84930282,MS9LSLIG1
701,84930282,1M4NTR2F5
702,29384763,AUF1QE4EC
703,29384763,G6RAK1YW4
704,29384763,DBFD2RZ7J
705,29384763,LOSZ2VUT2
706,29384763,DE3XCKDZ0
707,29384763,OMSFLQWZ2
708,29384763,CT9SZCST5
709,29384763,TD1TX5979
710,29384763,M12M8FREY
711,29384763,9TS8Q7IZB
712,29384763,H1190QI6T
713,29384763,O68ZH93WN
714,29384763,CM3FQS8ZE
715,58392055,PZZU963WJ
716,58392055,AUF1QE4EC
717,58392055,XL349S936
718,58392055,WUSS92RBA
719,58392055,DE3XCKDZ0
720,92038483,AUF1QE4EC
721,92038483,DE3XCKDZ0
722,92038483,E974JS5AE
723,92038483,U7DYODL55
724,92038483,M12M8FREY
725,92038483,Z5F9K6XWO
726,38492065,J2ML4B8WQ
727,38492065,AUF1QE4EC
728,38492065,38PM3SQS1
729,38492065,DE3XCKDZ0
730,38492065,KSKMASLHH
731,75839212,ZH2ZJZ7GD
732,75839212,AUF1QE4EC
733,75839212,2K5BNTVK0
734,75839212,KSKMASLHH
735,10293855,XL866LCA6
736,10293855,AUF1QE4EC
737,10293855,XO2HE2DLB
738,10293855,LMYS9H25R
739,10293855,DE3XCKDZ0
740,10293855,WVSCSI1TG
741,10293855,TK607O5UE
742,10293855,LVV3H007U
743,84930283,K29YU9JIX
744,84930283,AUF1QE4EC
745,84930283,36MZVBZO7
746,84930283,TKP4FSDDT
747,84930283,YRSWRZFD2
748,84930283,1O32VDT59
749,84930283,UQVO81G5K
750,84930283,GUTZDVOUO
751,84930283,E5TKO51VQ
752,84930283,41FPD8ZLK
753,84930283,889R5XW5L
754,84930283,JFHWZLZMR
755,84930283,Y3KG4JM4G
756,84930283,2BWS4ES7J
757,84930283,BX70AHWFV
758,84930283,7VWC75UUK
759,29384764,JFHWZLZMR
760,29384764,889R5XW5L
761,29384764,36MZVBZO7
762,29384764,K29YU9JIX
763,29384764,T6J56B66M
764,29384764,APC8FYM7H
765,29384764,OFNKIZPEJ
766,29384764,YNK8N3DD1
767,29384764,40KEH7LA4
768,29384764,DC7WWE4FJ
769,29384764,0499Z0ETK
770,29384764,2BWS4ES7J
771,29384764,7VWC75UUK
772,29384764,MS9LSLIG1
773,29384764,TP7B81FIT
774,29384764,YAPEV2CLZ
775,29384764,1IZIOJXHX
776,29384764,KASI07D9R
777,58392056,MS9LSLIG1
778,58392056,ZHBF12ZYL
779,58392056,AUF1QE4EC
780,58392056,CX5VWB0BZ
781,58392056,OUS2Y658Z
782,58392056,Y3KG4JM4G
783,58392056,K8HNJBICU
784,58392056,K29YU9JIX
785,58392056,YRQLFZ0HS
786,58392056,PHLX1H19Z
787,58392056,UQVO81G5K
788,58392056,4PNEZ1BFI
789,58392056,6YMIM4KD7
790,58392056,69CIH6FDM
791,58392056,7VWC75UUK
792,92038484,AUF1QE4EC
793,92038484,MWY83QTYV
794,92038484,YRSWRZFD2
795,38492066,FS5ILKPAU
796,38492066,TKP4FSDDT
797,38492066,H6LKE0LQF
798,38492066,AJ9I55FQJ
799,38492066,UB9O1R7VK
800,75839213,38PM3SQS1
801,75839213,DBFD2RZ7J
802,75839213,O076XO3QE
803,75839213,9MG9I5KH6
804,75839213,AV2HKN38U
805,75839213,9WAOUIIJZ
806,10293856,0499Z0ETK
807,10293856,T6J56B66M
808,10293856,IXAHXKQH8
809,84930284,AUF1QE4EC
810,84930284,DE3XCKDZ0
811,29384765,NBENYTBFQ
812,29384765,3BQL8AOZU
813,29384765,BNFFCGHO2
814,29384765,38GPZBALE
815,29384765,AUF1QE4EC
816,29384765,4YWX1UR98
817,29384765,AOIOXDLFX
818,29384765,UB9O1R7VK
819,29384765,K596X71GD
820,29384765,APC8FYM7H
821,29384765,6WX8V08A8
822,29384765,ECAO78YXL
823,29384765,RXZY2OAYG
824,29384765,IAKCWZDRF
825,58392057,PHDDYC5C0
826,58392057,IZV3QZ9AH
827,58392057,DBFD2RZ7J
828,58392057,O076XO3QE
829,58392057,G55Y6GLPP
830,58392057,LPJYT4DWB
831,58392057,5I8SPCTX6
832,58392057,TP7B81FIT
833,58392057,KASI07D9R
834,58392057,O955DRS8N
835,58392057,OUNBK77R3
836,58392057,AV2HKN38U
837,92038485,IZV3QZ9AH
838,92038485,LPJYT4DWB
839,92038485,PHDDYC5C0
840,92038485,TP7B81FIT
841,92038485,KASI07D9R
842,92038485,DBFD2RZ7J
843,92038485,O076XO3QE
844,92038485,G55Y6GLPP
845,92038485,TYDJCR9V7
846,92038485,OMSFLQWZ2
847,92038485,60YJWUUM6
848,92038485,O955DRS8N
849,92038485,9XCVBX3BU
850,92038485,8OVNZ1WNX
851,92038485,38PM3SQS1
852,92038485,OUNBK77R3
853,92038485,AV2HKN38U
854,38492067,O076XO3QE
855,38492067,VS7ND0218
856,38492067,CQ12UPTFS
857,38492067,RS9J6E876
858,38492067,UQVO81G5K
859,38492067,AUF1QE4EC
860,75839214,3R45KY6HK
861,75839214,8Q7X5AHWL
862,75839214,O68ZH93WN
863,75839214,C49X4FBT1
864,75839214,A28N8TMHT
865,75839214,U8B0B8RNT
866,75839214,6U5W6CRY4
867,10293857,BJ3E6AR5K
868,10293857,1NJPP4YMF
869,10293857,AUF1QE4EC
870,10293857,DE3XCKDZ0
871,10293857,EWQLWPC3V
872,10293857,5I8SPCTX6
873,10293857,38GPZBALE
874,10293857,YBK4OIWSI
875,84930285,DBFD2RZ7J
876,84930285,O076XO3QE
877,84930285,1IZIOJXHX
878,84930285,NCAEZN0IO
879,84930285,KDOF3BOKH
880,84930285,AUF1QE4EC
881,84930285,AV2HKN38U
882,84930285,HP93RBMDZ
883,84930285,PZ0DXS9JY
884,84930285,APC8FYM7H
885,84930285,OFNKIZPEJ
886,29384766,9WAOUIIJZ
887,29384766,AUF1QE4EC
888,29384766,DE3XCKDZ0
889,58392058,8YZKBGR07
890,58392058,TP7B81FIT
891,58392058,AUF1QE4EC
892,58392058,AHWCDYOU8
893,58392058,2O6GL3U4X
894,58392058,2RRB8P96D
895,58392058,DE3XCKDZ0
896,58392058,5I8SPCTX6
897,58392058,XL866LCA6
898,58392058,71MOWZDZI
899,58392058,BXHKMQHUR
900,58392058,XO2HE2DLB
901,58392058,GIHW2R438
902,58392058,3NFCPGNIO
903,58392058,YBK4OIWSI
904,92038486,VZ1UGQTTV
905,92038486,2ICY7LIOY
906,92038486,EK7XOHEZR
907,92038486,MYIDN7KC1
908,92038486,DQ298G01V
909,92038486,FM1EMQ52C
910,92038486,B13DAH2C5
911,92038486,JJS76W15G
912,92038486,VS7ND0218
913,92038486,0QXYGFX62
914,92038486,8T8RQXC58
915,92038486,VUUHP4J57
916,92038486,7N96WBUB0
917,92038486,AUF1QE4EC
918,38492068,B1W56ASBZ
919,38492068,AUF1QE4EC
920,38492068,EA3CN3DRY
921,38492068,L6Z1EHY0W
922,38492068,ZSCM1T1HA
923,38492068,DUN4RGJG6
924,38492068,Y6L9DEH14
925,38492068,WUSS92RBA
926,38492068,3223PSRAN
927,38492068,6MY90GE4W
928,38492068,O68ZH93WN
929,75839215,5F5DKQXE7
930,75839215,AUF1QE4EC
931,75839215,FVKP6IFP2
932,75839215,POY9KODUM
933,75839215,9TDGAMVUV
934,75839215,3HV9EM24P
935,75839215,DE3XCKDZ0
936,10293858,LJHX19UHI
937,10293858,DBFD2RZ7J
938,10293858,PB873MMR5
939,10293858,Q6I2Z8YXM
940,10293858,BVQ9NJ8YC
941,84930286,0QXYGFX62
942,84930286,7N96WBUB0
943,84930286,2ICY7LIOY
944,84930286,FM1EMQ52C
945,84930286,MYIDN7KC1
946,84930286,DQ298G01V
947,84930286,AUF1QE4EC
948,84930286,VZ1UGQTTV
949,84930286,JJS76W15G
950,84930286,B13DAH2C5
951,84930286,8T8RQXC58
952,84930286,P3W1ETA3U
953,84930286,EK7XOHEZR
954,84930286,TFVRH56PL
955,29384767,1GA5M3WS5
956,29384767,AUF1QE4EC
957,29384767,Y6L9DEH14
958,29384767,KSKMASLHH
959,29384767,5I8SPCTX6
960,29384767,H1190QI6T
961,29384767,9TS8Q7IZB
962,29384767,DE3XCKDZ0
963,29384767,LMYS9H25R
964,29384767,FRSV5C1J8
965,29384767,O68ZH93WN
966,58392059,AUF1QE4EC
967,58392059,DE3XCKDZ0
968,92038487,DBFD2RZ7J
969,92038487,O076XO3QE
970,92038487,6NUTHGCQ6
971,92038487,AUF1QE4EC
972,38492069,SSLQ18RN8
973,38492069,ESNZDYYRH
974,38492069,63092606D
975,38492069,0BM54P557
976,38492069,GMRM94BPI
977,38492069,29M5GV1BF
978,38492069,N56WO6YQ6
979,38492069,U8B0B8RNT
980,38492069,9XCVBX3BU
981,38492069,OFNKIZPEJ
982,75839216,VBJEJ6M49
983,75839216,PV2N1E3EL
984,75839216,IKV69W7IX
985,75839216,Q6I2Z8YXM
986,75839216,29M5GV1BF
987,75839216,ESNZDYYRH
988,75839216,DBFD2RZ7J
989,75839216,N56WO6YQ6
990,75839216,U8B0B8RNT
991,75839216,OFNKIZPEJ
992,10293859,0499Z0ETK
993,10293859,CM1Y6F5UP
994,10293859,KRLIJQGMI
995,10293859,NGVEB0UOU
996,10293859,FAELZ7NZ0
997,10293859,LRUMUHGW5
998,10293859,XKQDY3IUT
999,10293859,GYD9F4S0J
1000,10293859,EMW3Y0N9P
1001,10293859,HG9RC1FU1
1002,10293859,41FPD8ZLK
1003,10293859,NWS2T2XRJ
1004,84930287,XO2HE2DLB
1005,84930287,ETKBCWLTE
1006,84930287,V3TU5U853
1007,84930287,LVV3H007U
1008,84930287,1PQ1L037F
1009,84930287,IXAHXKQH8
1010,84930287,XL866LCA6
1011,29384768,JFHWZLZMR
1012,29384768,889R5XW5L
1013,29384768,36MZVBZO7
1014,29384768,K29YU9JIX
1015,29384768,T6J56B66M
1016,29384768,APC8FYM7H
1017,29384768,OFNKIZPEJ
1018,29384768,YNK8N3DD1
1019,29384768,40KEH7LA4
1020,29384768,DC7WWE4FJ
1021,29384768,0499Z0ETK
1022,29384768,2BWS4ES7J
1023,29384768,7VWC75UUK
1024,29384768,MS9LSLIG1
1025,29384768,TP7B81FIT
1026,29384768,YAPEV2CLZ
1027,29384768,1IZIOJXHX
1028,29384768,KASI07D9R
1029,58392060,VFO6HEDF5
1030,58392060,7QPB7HMH3
1031,58392060,0499Z0ETK
1032,58392060,C49X4FBT1
1033,58392060,9WAOUIIJZ
1034,58392060,N9LQI8MOR
1035,58392060,UB9O1R7VK
1036,92038488,ZZWILAA75
1037,92038488,0499Z0ETK
1038,92038488,Y6L9DEH14
1039,92038488,C49X4FBT1
1040,92038488,L6Z1EHY0W
1041,92038488,86E1GIHL7
1042,92038488,VBJEJ6M49
1043,92038488,F7AJUEBVB
1044,92038488,N9LQI8MOR
1045,92038488,APC8FYM7H
1046,92038488,57YJU00BM
1047,92038488,UB9O1R7VK
1048,38492070,AUF1QE4EC
1049,38492070,ESNZDYYRH
1050,38492070,6WX8V08A8
1051,38492070,29M5GV1BF
1052,38492070,KJOQRIYNY
1053,38492070,NCAEZN0IO
1054,38492070,DE3XCKDZ0
1055,38492070,UZYV0M678
1056,38492070,9MG9I5KH6
1057,75839217,29M5GV1BF
1058,75839217,N56WO6YQ6
1059,75839217,AUF1QE4EC
1060,75839217,ESNZDYYRH
1061,75839217,H0V02CMJ9
1062,75839217,DE3XCKDZ0
1063,75839217,TT3880ZNQ
1064,75839217,I07A5Y2GC
1065,10293860,29M5GV1BF
1066,10293860,AUF1QE4EC
1067,10293860,ESNZDYYRH
1068,10293860,N56WO6YQ6
1069,10293860,AOIOXDLFX
1070,10293860,DE3XCKDZ0
1071,10293860,YAPEV2CLZ
1072,10293860,PV2N1E3EL
1073,10293860,TT3880ZNQ
1074,10293860,08UY1OD2I
